use trajectory;

-- 插入摄像头数据
INSERT INTO cameras (camera_id, location_x, location_y, name) VALUES
(1, 120.35, 67.82, '教学楼A区入口'),
(2, 156.78, 89.32, '教学楼B区入口'),
(3, 210.45, 105.67, '图书馆前广场'),
(4, 178.23, 134.56, '学生宿舍1号楼'),
(5, 198.76, 167.34, '学生宿舍2号楼'),
(6, 245.67, 78.90, '食堂入口'),
(7, 134.21, 198.45, '运动场北侧'),
(8, 167.89, 212.34, '运动场南侧'),
(9, 189.56, 156.78, '校园中心广场'),
(10, 223.45, 187.90, '实验楼入口');

-- 插入摄像头视频数据
INSERT INTO camera_videos (camera_id, date, start_time, end_time, video_path) VALUES
(1, '2025-04-10', '07:00:00', '09:00:00', '/videos/cam1_20250410_morning.mp4'),
(1, '2025-04-10', '12:00:00', '14:00:00', '/videos/cam1_20250410_noon.mp4'),
(1, '2025-04-10', '17:00:00', '19:00:00', '/videos/cam1_20250410_evening.mp4'),
(2, '2025-04-10', '07:00:00', '09:00:00', '/videos/cam2_20250410_morning.mp4'),
(2, '2025-04-10', '12:00:00', '14:00:00', '/videos/cam2_20250410_noon.mp4'),
(3, '2025-04-10', '08:00:00', '10:00:00', '/videos/cam3_20250410_morning.mp4'),
(3, '2025-04-10', '13:00:00', '15:00:00', '/videos/cam3_20250410_afternoon.mp4'),
(4, '2025-04-10', '18:00:00', '20:00:00', '/videos/cam4_20250410_evening.mp4'),
(5, '2025-04-10', '18:00:00', '20:00:00', '/videos/cam5_20250410_evening.mp4'),
(6, '2025-04-10', '11:30:00', '13:30:00', '/videos/cam6_20250410_lunch.mp4'),
(6, '2025-04-10', '17:30:00', '19:30:00', '/videos/cam6_20250410_dinner.mp4'),
(7, '2025-04-10', '15:00:00', '17:00:00', '/videos/cam7_20250410_afternoon.mp4'),
(8, '2025-04-10', '15:00:00', '17:00:00', '/videos/cam8_20250410_afternoon.mp4'),
(9, '2025-04-10', '10:00:00', '12:00:00', '/videos/cam9_20250410_morning.mp4'),
(10, '2025-04-10', '09:00:00', '11:00:00', '/videos/cam10_20250410_morning.mp4');

-- 生成学生记录数据
-- 注意: feature_vector 和 image_frame 使用 UNHEX() 函数模拟二进制数据

-- 学生记录数据 - 100条样本数据
INSERT INTO student_records (student_id, camera_id, timestamp, location_x, location_y, has_backpack, has_umbrella, has_bicycle, feature_vector, image_frame) VALUES
('2021001', 1, '2025-04-10 07:15:23', 121.45, 68.32, TRUE, FALSE, FALSE, UNHEX(CONCAT(REPEAT('0', 32), REPEAT('1', 32))), UNHEX(REPEAT('A', 100))),
('2021002', 1, '2025-04-10 07:16:45', 122.67, 69.45, TRUE, FALSE, FALSE, UNHEX(CONCAT(REPEAT('2', 32), REPEAT('3', 32))), UNHEX(REPEAT('B', 100))),
('2021003', 1, '2025-04-10 07:23:12', 119.89, 67.23, TRUE, TRUE, FALSE, UNHEX(CONCAT(REPEAT('4', 32), REPEAT('5', 32))), UNHEX(REPEAT('C', 100))),
('2021004', 2, '2025-04-10 07:30:56', 157.34, 90.12, TRUE, FALSE, FALSE, UNHEX(CONCAT(REPEAT('6', 32), REPEAT('7', 32))), UNHEX(REPEAT('D', 100))),
('2021005', 2, '2025-04-10 07:32:18', 155.67, 88.78, TRUE, FALSE, FALSE, UNHEX(CONCAT(REPEAT('8', 32), REPEAT('9', 32))), UNHEX(REPEAT('E', 100))),
('2021006', 3, '2025-04-10 08:15:43', 211.23, 106.45, TRUE, FALSE, FALSE, UNHEX(CONCAT(REPEAT('A', 32), REPEAT('B', 32))), UNHEX(REPEAT('F', 100))),
('2021007', 3, '2025-04-10 08:17:22', 209.87, 104.89, TRUE, FALSE, FALSE, UNHEX(CONCAT(REPEAT('C', 32), REPEAT('D', 32))), UNHEX(REPEAT('0', 100))),
('2021008', 3, '2025-04-10 08:23:17', 212.45, 107.67, TRUE, FALSE, FALSE, UNHEX(CONCAT(REPEAT('E', 32), REPEAT('F', 32))), UNHEX(REPEAT('1', 100))),
('2021009', 4, '2025-04-10 18:05:34', 177.56, 135.23, FALSE, FALSE, FALSE, UNHEX(CONCAT(REPEAT('A', 32), REPEAT('1', 32))), UNHEX(REPEAT('2', 100))),
('2021010', 4, '2025-04-10 18:07:21', 179.12, 133.78, FALSE, FALSE, FALSE, UNHEX(CONCAT(REPEAT('B', 32), REPEAT('2', 32))), UNHEX(REPEAT('3', 100))),
('2021001', 6, '2025-04-10 12:15:23', 246.34, 79.45, TRUE, FALSE, FALSE, UNHEX(CONCAT(REPEAT('C', 32), REPEAT('3', 32))), UNHEX(REPEAT('4', 100))),
('2021002', 6, '2025-04-10 12:16:45', 244.89, 77.90, TRUE, FALSE, FALSE, UNHEX(CONCAT(REPEAT('D', 32), REPEAT('4', 32))), UNHEX(REPEAT('5', 100))),
('2021003', 6, '2025-04-10 12:23:12', 245.12, 78.34, TRUE, FALSE, FALSE, UNHEX(CONCAT(REPEAT('E', 32), REPEAT('5', 32))), UNHEX(REPEAT('6', 100))),
('2021004', 6, '2025-04-10 12:30:56', 247.23, 80.12, TRUE, FALSE, FALSE, UNHEX(CONCAT(REPEAT('F', 32), REPEAT('6', 32))), UNHEX(REPEAT('7', 100))),
('2021005', 6, '2025-04-10 12:32:18', 246.78, 79.67, TRUE, FALSE, FALSE, UNHEX(CONCAT(REPEAT('0', 32), REPEAT('7', 32))), UNHEX(REPEAT('8', 100))),
('2021011', 5, '2025-04-10 18:15:43', 199.23, 166.45, FALSE, FALSE, FALSE, UNHEX(CONCAT(REPEAT('1', 32), REPEAT('8', 32))), UNHEX(REPEAT('9', 100))),
('2021012', 5, '2025-04-10 18:17:22', 197.87, 168.89, FALSE, FALSE, FALSE, UNHEX(CONCAT(REPEAT('2', 32), REPEAT('9', 32))), UNHEX(REPEAT('A', 100))),
('2021013', 5, '2025-04-10 18:23:17', 198.45, 167.67, FALSE, FALSE, FALSE, UNHEX(CONCAT(REPEAT('3', 32), REPEAT('A', 32))), UNHEX(REPEAT('B', 100))),
('2021014', 7, '2025-04-10 15:05:34', 133.56, 197.23, TRUE, FALSE, FALSE, UNHEX(CONCAT(REPEAT('4', 32), REPEAT('B', 32))), UNHEX(REPEAT('C', 100))),
('2021015', 7, '2025-04-10 15:07:21', 135.12, 199.78, TRUE, FALSE, FALSE, UNHEX(CONCAT(REPEAT('5', 32), REPEAT('C', 32))), UNHEX(REPEAT('D', 100))),
('2021016', 7, '2025-04-10 15:15:23', 134.34, 198.45, TRUE, FALSE, TRUE, UNHEX(CONCAT(REPEAT('6', 32), REPEAT('D', 32))), UNHEX(REPEAT('E', 100))),
('2021017', 7, '2025-04-10 15:16:45', 132.89, 197.90, TRUE, FALSE, TRUE, UNHEX(CONCAT(REPEAT('7', 32), REPEAT('E', 32))), UNHEX(REPEAT('F', 100))),
('2021018', 8, '2025-04-10 15:23:12', 168.12, 211.34, TRUE, FALSE, FALSE, UNHEX(CONCAT(REPEAT('8', 32), REPEAT('F', 32))), UNHEX(REPEAT('0', 100))),
('2021019', 8, '2025-04-10 15:30:56', 166.23, 213.12, TRUE, FALSE, FALSE, UNHEX(CONCAT(REPEAT('9', 32), REPEAT('0', 32))), UNHEX(REPEAT('1', 100))),
('2021020', 8, '2025-04-10 15:32:18', 169.78, 210.67, TRUE, FALSE, FALSE, UNHEX(CONCAT(REPEAT('A', 32), REPEAT('1', 32))), UNHEX(REPEAT('2', 100))),
('2021006', 9, '2025-04-10 10:15:43', 190.23, 155.45, TRUE, FALSE, FALSE, UNHEX(CONCAT(REPEAT('B', 32), REPEAT('2', 32))), UNHEX(REPEAT('3', 100))),
('2021007', 9, '2025-04-10 10:17:22', 188.87, 157.89, TRUE, FALSE, FALSE, UNHEX(CONCAT(REPEAT('C', 32), REPEAT('3', 32))), UNHEX(REPEAT('4', 100))),
('2021008', 9, '2025-04-10 10:23:17', 189.45, 156.67, TRUE, FALSE, FALSE, UNHEX(CONCAT(REPEAT('D', 32), REPEAT('4', 32))), UNHEX(REPEAT('5', 100))),
('2021021', 10, '2025-04-10 09:05:34', 222.56, 188.23, TRUE, FALSE, FALSE, UNHEX(CONCAT(REPEAT('E', 32), REPEAT('5', 32))), UNHEX(REPEAT('6', 100))),
('2021022', 10, '2025-04-10 09:07:21', 224.12, 186.78, TRUE, FALSE, FALSE, UNHEX(CONCAT(REPEAT('F', 32), REPEAT('6', 32))), UNHEX(REPEAT('7', 100))),
('2021001', 3, '2025-04-10 13:15:23', 212.45, 106.32, TRUE, FALSE, FALSE, UNHEX(CONCAT(REPEAT('0', 32), REPEAT('7', 32))), UNHEX(REPEAT('8', 100))),
('2021002', 3, '2025-04-10 13:16:45', 209.67, 104.45, TRUE, FALSE, FALSE, UNHEX(CONCAT(REPEAT('1', 32), REPEAT('8', 32))), UNHEX(REPEAT('9', 100))),
('2021003', 3, '2025-04-10 13:23:12', 211.89, 105.23, TRUE, FALSE, FALSE, UNHEX(CONCAT(REPEAT('2', 32), REPEAT('9', 32))), UNHEX(REPEAT('A', 100))),
('2021004', 9, '2025-04-10 10:30:56', 188.34, 157.12, TRUE, FALSE, FALSE, UNHEX(CONCAT(REPEAT('3', 32), REPEAT('A', 32))), UNHEX(REPEAT('B', 100))),
('2021005', 9, '2025-04-10 10:32:18', 190.67, 155.78, TRUE, FALSE, FALSE, UNHEX(CONCAT(REPEAT('4', 32), REPEAT('B', 32))), UNHEX(REPEAT('C', 100))),
('2021023', 1, '2025-04-10 17:15:43', 120.23, 67.45, FALSE, FALSE, TRUE, UNHEX(CONCAT(REPEAT('5', 32), REPEAT('C', 32))), UNHEX(REPEAT('D', 100))),
('2021024', 1, '2025-04-10 17:17:22', 122.87, 68.89, FALSE, FALSE, TRUE, UNHEX(CONCAT(REPEAT('6', 32), REPEAT('D', 32))), UNHEX(REPEAT('E', 100))),
('2021025', 1, '2025-04-10 17:23:17', 121.45, 67.67, FALSE, FALSE, TRUE, UNHEX(CONCAT(REPEAT('7', 32), REPEAT('E', 32))), UNHEX(REPEAT('F', 100))),
('2021026', 2, '2025-04-10 07:35:34', 155.56, 88.23, TRUE, TRUE, FALSE, UNHEX(CONCAT(REPEAT('8', 32), REPEAT('F', 32))), UNHEX(REPEAT('0', 100))),
('2021027', 2, '2025-04-10 07:37:21', 157.12, 90.78, TRUE, TRUE, FALSE, UNHEX(CONCAT(REPEAT('9', 32), REPEAT('0', 32))), UNHEX(REPEAT('1', 100))),
('2021006', 6, '2025-04-10 17:45:23', 244.34, 79.45, FALSE, FALSE, FALSE, UNHEX(CONCAT(REPEAT('A', 32), REPEAT('1', 32))), UNHEX(REPEAT('2', 100))),
('2021007', 6, '2025-04-10 17:46:45', 246.89, 77.90, FALSE, FALSE, FALSE, UNHEX(CONCAT(REPEAT('B', 32), REPEAT('2', 32))), UNHEX(REPEAT('3', 100))),
('2021008', 6, '2025-04-10 17:53:12', 245.12, 78.34, FALSE, FALSE, FALSE, UNHEX(CONCAT(REPEAT('C', 32), REPEAT('3', 32))), UNHEX(REPEAT('4', 100))),
('2021009', 6, '2025-04-10 18:00:56', 247.23, 80.12, FALSE, FALSE, FALSE, UNHEX(CONCAT(REPEAT('D', 32), REPEAT('4', 32))), UNHEX(REPEAT('5', 100))),
('2021010', 6, '2025-04-10 18:02:18', 246.78, 79.67, FALSE, FALSE, FALSE, UNHEX(CONCAT(REPEAT('E', 32), REPEAT('5', 32))), UNHEX(REPEAT('6', 100))),
('2021028', 2, '2025-04-10 12:15:43', 156.23, 89.45, TRUE, FALSE, FALSE, UNHEX(CONCAT(REPEAT('F', 32), REPEAT('6', 32))), UNHEX(REPEAT('7', 100))),
('2021029', 2, '2025-04-10 12:17:22', 157.87, 88.89, TRUE, FALSE, FALSE, UNHEX(CONCAT(REPEAT('0', 32), REPEAT('7', 32))), UNHEX(REPEAT('8', 100))),
('2021030', 2, '2025-04-10 12:23:17', 155.45, 90.67, TRUE, FALSE, FALSE, UNHEX(CONCAT(REPEAT('1', 32), REPEAT('8', 32))), UNHEX(REPEAT('9', 100))),
('2021001', 9, '2025-04-10 10:35:34', 190.56, 155.23, TRUE, FALSE, FALSE, UNHEX(CONCAT(REPEAT('2', 32), REPEAT('9', 32))), UNHEX(REPEAT('A', 100))),
('2021002', 9, '2025-04-10 10:37:21', 188.12, 157.78, TRUE, FALSE, FALSE, UNHEX(CONCAT(REPEAT('3', 32), REPEAT('A', 32))), UNHEX(REPEAT('B', 100))),
('2021031', 10, '2025-04-10 09:15:23', 224.34, 186.45, TRUE, FALSE, FALSE, UNHEX(CONCAT(REPEAT('4', 32), REPEAT('B', 32))), UNHEX(REPEAT('C', 100))),
('2021032', 10, '2025-04-10 09:16:45', 222.89, 188.90, TRUE, FALSE, FALSE, UNHEX(CONCAT(REPEAT('5', 32), REPEAT('C', 32))), UNHEX(REPEAT('D', 100))),
('2021033', 10, '2025-04-10 09:23:12', 223.12, 187.34, TRUE, FALSE, FALSE, UNHEX(CONCAT(REPEAT('6', 32), REPEAT('D', 32))), UNHEX(REPEAT('E', 100))),
('2021034', 10, '2025-04-10 09:30:56', 225.23, 185.12, TRUE, FALSE, FALSE, UNHEX(CONCAT(REPEAT('7', 32), REPEAT('E', 32))), UNHEX(REPEAT('F', 100))),
('2021035', 10, '2025-04-10 09:32:18', 222.78, 189.67, TRUE, FALSE, FALSE, UNHEX(CONCAT(REPEAT('8', 32), REPEAT('F', 32))), UNHEX(REPEAT('0', 100))),
('2021006', 10, '2025-04-10 09:35:43', 223.23, 188.45, TRUE, FALSE, FALSE, UNHEX(CONCAT(REPEAT('9', 32), REPEAT('0', 32))), UNHEX(REPEAT('1', 100))),
('2021007', 10, '2025-04-10 09:37:22', 224.87, 186.89, TRUE, FALSE, FALSE, UNHEX(CONCAT(REPEAT('A', 32), REPEAT('1', 32))), UNHEX(REPEAT('2', 100))),
('2021008', 10, '2025-04-10 09:40:17', 222.45, 189.67, TRUE, FALSE, FALSE, UNHEX(CONCAT(REPEAT('B', 32), REPEAT('2', 32))), UNHEX(REPEAT('3', 100))),
('2021036', 4, '2025-04-10 18:15:34', 177.56, 134.23, FALSE, FALSE, FALSE, UNHEX(CONCAT(REPEAT('C', 32), REPEAT('3', 32))), UNHEX(REPEAT('4', 100))),
('2021037', 4, '2025-04-10 18:17:21', 179.12, 136.78, FALSE, FALSE, FALSE, UNHEX(CONCAT(REPEAT('D', 32), REPEAT('4', 32))), UNHEX(REPEAT('5', 100))),
('2021038', 4, '2025-04-10 18:25:23', 176.34, 135.45, FALSE, FALSE, FALSE, UNHEX(CONCAT(REPEAT('E', 32), REPEAT('5', 32))), UNHEX(REPEAT('6', 100))),
('2021039', 4, '2025-04-10 18:26:45', 178.89, 133.90, FALSE, FALSE, FALSE, UNHEX(CONCAT(REPEAT('F', 32), REPEAT('6', 32))), UNHEX(REPEAT('7', 100))),
('2021040', 4, '2025-04-10 18:30:12', 177.12, 134.34, FALSE, FALSE, FALSE, UNHEX(CONCAT(REPEAT('0', 32), REPEAT('7', 32))), UNHEX(REPEAT('8', 100))),
('2021041', 4, '2025-04-10 18:35:56', 175.23, 136.12, FALSE, FALSE, FALSE, UNHEX(CONCAT(REPEAT('1', 32), REPEAT('8', 32))), UNHEX(REPEAT('9', 100))),
('2021042', 4, '2025-04-10 18:37:18', 178.78, 133.67, FALSE, FALSE, FALSE, UNHEX(CONCAT(REPEAT('2', 32), REPEAT('9', 32))), UNHEX(REPEAT('A', 100))),
('2021011', 5, '2025-04-10 18:25:43', 200.23, 165.45, FALSE, FALSE, FALSE, UNHEX(CONCAT(REPEAT('3', 32), REPEAT('A', 32))), UNHEX(REPEAT('B', 100))),
('2021012', 5, '2025-04-10 18:27:22', 196.87, 168.89, FALSE, FALSE, FALSE, UNHEX(CONCAT(REPEAT('4', 32), REPEAT('B', 32))), UNHEX(REPEAT('C', 100))),
('2021013', 5, '2025-04-10 18:30:17', 199.45, 166.67, FALSE, FALSE, FALSE, UNHEX(CONCAT(REPEAT('5', 32), REPEAT('C', 32))), UNHEX(REPEAT('D', 100))),
('2021043', 5, '2025-04-10 18:35:34', 197.56, 167.23, FALSE, FALSE, FALSE, UNHEX(CONCAT(REPEAT('6', 32), REPEAT('D', 32))), UNHEX(REPEAT('E', 100))),
('2021044', 5, '2025-04-10 18:37:21', 201.12, 164.78, FALSE, FALSE, FALSE, UNHEX(CONCAT(REPEAT('7', 32), REPEAT('E', 32))), UNHEX(REPEAT('F', 100))),
('2021045', 5, '2025-04-10 18:45:23', 198.34, 166.45, FALSE, FALSE, FALSE, UNHEX(CONCAT(REPEAT('8', 32), REPEAT('F', 32))), UNHEX(REPEAT('0', 100))),
('2021046', 5, '2025-04-10 18:46:45', 200.89, 165.90, FALSE, FALSE, FALSE, UNHEX(CONCAT(REPEAT('9', 32), REPEAT('0', 32))), UNHEX(REPEAT('1', 100))),
('2021047', 5, '2025-04-10 18:50:12', 196.12, 169.34, FALSE, FALSE, FALSE, UNHEX(CONCAT(REPEAT('A', 32), REPEAT('1', 32))), UNHEX(REPEAT('2', 100))),
('2021003', 6, '2025-04-10 17:55:56', 246.23, 77.12, FALSE, FALSE, FALSE, UNHEX(CONCAT(REPEAT('B', 32), REPEAT('2', 32))), UNHEX(REPEAT('3', 100))),
('2021004', 6, '2025-04-10 17:57:18', 244.78, 79.67, FALSE, FALSE, FALSE, UNHEX(CONCAT(REPEAT('C', 32), REPEAT('3', 32))), UNHEX(REPEAT('4', 100))),
('2021048', 7, '2025-04-10 15:25:43', 135.23, 196.45, TRUE, FALSE, TRUE, UNHEX(CONCAT(REPEAT('D', 32), REPEAT('4', 32))), UNHEX(REPEAT('5', 100))),
('2021049', 7, '2025-04-10 15:27:22', 133.87, 198.89, TRUE, FALSE, FALSE, UNHEX(CONCAT(REPEAT('E', 32), REPEAT('5', 32))), UNHEX(REPEAT('6', 100))),
('2021050', 7, '2025-04-10 15:30:17', 132.45, 199.67, TRUE, FALSE, FALSE, UNHEX(CONCAT(REPEAT('F', 32), REPEAT('6', 32))), UNHEX(REPEAT('7', 100))),
('2021021', 8, '2025-04-10 15:35:34', 166.56, 211.23, TRUE, FALSE, FALSE, UNHEX(CONCAT(REPEAT('0', 32), REPEAT('7', 32))), UNHEX(REPEAT('8', 100))),
('2021022', 8, '2025-04-10 15:37:21', 168.12, 213.78, TRUE, FALSE, FALSE, UNHEX(CONCAT(REPEAT('1', 32), REPEAT('8', 32))), UNHEX(REPEAT('9', 100))),
('2021018', 8, '2025-04-10 15:40:23', 167.34, 212.45, TRUE, FALSE, FALSE, UNHEX(CONCAT(REPEAT('2', 32), REPEAT('9', 32))), UNHEX(REPEAT('A', 100))),
('2021019', 8, '2025-04-10 15:42:45', 169.89, 210.90, TRUE, FALSE, FALSE, UNHEX(CONCAT(REPEAT('3', 32), REPEAT('A', 32))), UNHEX(REPEAT('B', 100))),
('2021020', 8, '2025-04-10 15:45:12', 165.12, 214.34, TRUE, FALSE, FALSE, UNHEX(CONCAT(REPEAT('4', 32), REPEAT('B', 32))), UNHEX(REPEAT('C', 100))),
('2021001', 1, '2025-04-10 17:30:56', 121.23, 66.12, FALSE, FALSE, FALSE, UNHEX(CONCAT(REPEAT('5', 32), REPEAT('C', 32))), UNHEX(REPEAT('D', 100))),
('2021002', 1, '2025-04-10 17:32:18', 119.78, 68.67, FALSE, FALSE, FALSE, UNHEX(CONCAT(REPEAT('6', 32), REPEAT('D', 32))), UNHEX(REPEAT('E', 100))),
('2021051', 3, '2025-04-10 13:35:43', 210.23, 104.45, TRUE, FALSE, FALSE, UNHEX(CONCAT(REPEAT('7', 32), REPEAT('E', 32))), UNHEX(REPEAT('F', 100))),
('2021052', 3, '2025-04-10 13:37:22', 212.87, 106.89, TRUE, FALSE, FALSE, UNHEX(CONCAT(REPEAT('8', 32), REPEAT('F', 32))), UNHEX(REPEAT('0', 100))),
('2021053', 3, '2025-04-10 13:40:17', 211.45, 105.67, TRUE, FALSE, FALSE, UNHEX(CONCAT(REPEAT('9', 32), REPEAT('0', 32))), UNHEX(REPEAT('1', 100))),
('2021009', 6, '2025-04-10 18:05:34', 245.56, 78.23, FALSE, FALSE, FALSE, UNHEX(CONCAT(REPEAT('A', 32), REPEAT('1', 32))), UNHEX(REPEAT('2', 100))),
('2021010', 6, '2025-04-10 18:07:21', 247.12, 80.78, FALSE, FALSE, FALSE, UNHEX(CONCAT(REPEAT('B', 32), REPEAT('2', 32))), UNHEX(REPEAT('3', 100))),
('2021005', 1, '2025-04-10 17:35:23', 122.34, 67.45, FALSE, FALSE, FALSE, UNHEX(CONCAT(REPEAT('C', 32), REPEAT('3', 32))), UNHEX(REPEAT('4', 100))),
('2021006', 1, '2025-04-10 17:36:45', 120.89, 69.90, FALSE, FALSE, FALSE, UNHEX(CONCAT(REPEAT('D', 32), REPEAT('4', 32))), UNHEX(REPEAT('5', 100))),
('2021007', 1, '2025-04-10 17:40:12', 123.12, 68.34, FALSE, FALSE, FALSE, UNHEX(CONCAT(REPEAT('E', 32), REPEAT('5', 32))), UNHEX(REPEAT('6', 100))),
('2021054', 9, '2025-04-10 10:45:56', 189.34, 156.12, TRUE, FALSE, FALSE, UNHEX(CONCAT(REPEAT('F', 32), REPEAT('6', 32))), UNHEX(REPEAT('7', 100))),
('2021055', 9, '2025-04-10 10:47:18', 191.78, 154.67, TRUE, FALSE, FALSE, UNHEX(CONCAT(REPEAT('0', 32), REPEAT('7', 32))), UNHEX(REPEAT('8', 100))),
('2021056', 9, '2025-04-10 10:50:43', 187.23, 158.45, TRUE, FALSE, FALSE, UNHEX(CONCAT(REPEAT('1', 32), REPEAT('8', 32))), UNHEX(REPEAT('9', 100))),
('2021057', 9, '2025-04-10 10:52:22', 190.87, 155.89, TRUE, FALSE, FALSE, UNHEX(CONCAT(REPEAT('2', 32), REPEAT('9', 32))), UNHEX(REPEAT('A', 100))),
('2021058', 9, '2025-04-10 10:55:17', 188.45, 157.67, TRUE, FALSE, FALSE, UNHEX(CONCAT(REPEAT('3', 32), REPEAT('A', 32))), UNHEX(REPEAT('B', 100))),
('2021011', 9, '2025-04-10 11:00:34', 191.56, 154.23, TRUE, FALSE, FALSE, UNHEX(CONCAT(REPEAT('4', 32), REPEAT('B', 32))), UNHEX(REPEAT('C', 100))),
('2021012', 9, '2025-04-10 11:02:21', 189.12, 156.78, TRUE, FALSE, FALSE, UNHEX(CONCAT(REPEAT('5', 32), REPEAT('C', 32))), UNHEX(REPEAT('D', 100))),
('2021059', 2, '2025-04-10 12:30:23', 157.34, 88.45, TRUE, FALSE, FALSE, UNHEX(CONCAT(REPEAT('6', 32), REPEAT('D', 32))), UNHEX(REPEAT('E', 100))),
('2021060', 2, '2025-04-10 12:32:45', 155.89, 90.90, TRUE, FALSE, FALSE, UNHEX(CONCAT(REPEAT('7', 32), REPEAT('E', 32))), UNHEX(REPEAT('F', 100))),
('2021061', 2, '2025-04-10 12:35:12', 158.12, 87.34, TRUE, FALSE, FALSE, UNHEX(CONCAT(REPEAT('8', 32), REPEAT('F', 32))), UNHEX(REPEAT('0', 100))),
('2021062', 2, '2025-04-10 12:40:56', 156.23, 89.12, TRUE, FALSE, FALSE, UNHEX(CONCAT(REPEAT('9', 32), REPEAT('0', 32))), UNHEX(REPEAT('1', 100))),
('2021063', 2, '2025-04-10 12:42:18', 154.78, 91.67, TRUE, FALSE, FALSE, UNHEX(CONCAT(REPEAT('A', 32), REPEAT('1', 32))), UNHEX(REPEAT('2', 100))),
('2021064', 7, '2025-04-10 16:00:43', 134.23, 197.45, TRUE, FALSE, TRUE, UNHEX(CONCAT(REPEAT('B', 32), REPEAT('2', 32))), UNHEX(REPEAT('3', 100))),
('2021065', 7, '2025-04-10 16:02:22', 136.87, 199.89, TRUE, FALSE, FALSE, UNHEX(CONCAT(REPEAT('C', 32), REPEAT('3', 32))), UNHEX(REPEAT('4', 100))),
('2021066', 7, '2025-04-10 16:05:17', 133.45, 198.67, TRUE, FALSE, TRUE, UNHEX(CONCAT(REPEAT('D', 32), REPEAT('4', 32))), UNHEX(REPEAT('5', 100)));

-- 插入学生轨迹数据
INSERT INTO student_trajectories (student_id, trajectory_data, timestamp) VALUES
('2021001', UNHEX(REPEAT('AAF', 200)), '2025-04-10 07:00:00'),
('2021001', UNHEX(REPEAT('BBC', 200)), '2025-04-10 12:00:00'),
('2021001', UNHEX(REPEAT('CCD', 200)), '2025-04-10 17:00:00'),
('2021002', UNHEX(REPEAT('DDE', 200)), '2025-04-10 07:00:00'),
('2021002', UNHEX(REPEAT('EEF', 200)), '2025-04-10 12:00:00'),
('2021002', UNHEX(REPEAT('FF0', 200)), '2025-04-10 17:00:00'),
('2021003', UNHEX(REPEAT('001', 200)), '2025-04-10 07:00:00'),
('2021003', UNHEX(REPEAT('112', 200)), '2025-04-10 12:00:00'),
('2021003', UNHEX(REPEAT('223', 200)), '2025-04-10 17:00:00'),
('2021004', UNHEX(REPEAT('334', 200)), '2025-04-10 07:00:00'),
('2021004', UNHEX(REPEAT('445', 200)), '2025-04-10 12:00:00'),
('2021004', UNHEX(REPEAT('556', 200)), '2025-04-10 17:00:00'),
('2021005', UNHEX(REPEAT('667', 200)), '2025-04-10 07:00:00'),
('2021005', UNHEX(REPEAT('778', 200)), '2025-04-10 12:00:00'),
('2021005', UNHEX(REPEAT('889', 200)), '2025-04-10 17:00:00'),
('2021006', UNHEX(REPEAT('99A', 200)), '2025-04-10 08:00:00'),
('2021006', UNHEX(REPEAT('AAB', 200)), '2025-04-10 13:00:00'),
('2021006', UNHEX(REPEAT('BBC', 200)), '2025-04-10 17:00:00'),
('2021007', UNHEX(REPEAT('CCD', 200)), '2025-04-10 08:00:00'),
('2021007', UNHEX(REPEAT('DDE', 200)), '2025-04-10 13:00:00'),
('2021007', UNHEX(REPEAT('EEF', 200)), '2025-04-10 17:00:00'),
('2021008', UNHEX(REPEAT('FF0', 200)), '2025-04-10 08:00:00'),
('2021008', UNHEX(REPEAT('001', 200)), '2025-04-10 13:00:00'),
('2021008', UNHEX(REPEAT('112', 200)), '2025-04-10 17:00:00'),
('2021009', UNHEX(REPEAT('223', 200)), '2025-04-10 18:00:00'),
('2021010', UNHEX(REPEAT('334', 200)), '2025-04-10 18:00:00'),
('2021011', UNHEX(REPEAT('445', 200)), '2025-04-10 10:00:00'),
('2021011', UNHEX(REPEAT('556', 200)), '2025-04-10 18:00:00'),
('2021012', UNHEX(REPEAT('667', 200)), '2025-04-10 10:00:00'),
('2021012', UNHEX(REPEAT('778', 200)), '2025-04-10 18:00:00'),
('2021013', UNHEX(REPEAT('889', 200)), '2025-04-10 18:00:00'),
('2021014', UNHEX(REPEAT('99A', 200)), '2025-04-10 15:00:00'),
('2021015', UNHEX(REPEAT('AAB', 200)), '2025-04-10 15:00:00'),
('2021016', UNHEX(REPEAT('BBC', 200)), '2025-04-10 15:00:00'),
('2021017', UNHEX(REPEAT('CCD', 200)), '2025-04-10 15:00:00'),
('2021018', UNHEX(REPEAT('DDE', 200)), '2025-04-10 15:00:00'),
('2021019', UNHEX(REPEAT('EEF', 200)), '2025-04-10 15:00:00'),
('2021020', UNHEX(REPEAT('FF0', 200)), '2025-04-10 15:00:00'),
('2021021', UNHEX(REPEAT('001', 200)), '2025-04-10 09:00:00'),
('2021021', UNHEX(REPEAT('112', 200)), '2025-04-10 15:00:00'),
('2021022', UNHEX(REPEAT('223', 200)), '2025-04-10 09:00:00'),
('2021022', UNHEX(REPEAT('334', 200)), '2025-04-10 15:00:00'),
('2021023', UNHEX(REPEAT('445', 200)), '2025-04-10 17:00:00'),
('2021024', UNHEX(REPEAT('556', 200)), '2025-04-10 17:00:00'),
('2021025', UNHEX(REPEAT('667', 200)), '2025-04-10 17:00:00'),
('2021026', UNHEX(REPEAT('778', 200)), '2025-04-10 07:00:00'),
('2021027', UNHEX(REPEAT('889', 200)), '2025-04-10 07:00:00'),
('2021028', UNHEX(REPEAT('99A', 200)), '2025-04-10 12:00:00'),
('2021029', UNHEX(REPEAT('AAB', 200)), '2025-04-10 12:00:00'),
('2021030', UNHEX(REPEAT('BBC', 200)), '2025-04-10 12:00:00'),
('2021031', UNHEX(REPEAT('CCD', 200)), '2025-04-10 09:00:00'),
('2021032', UNHEX(REPEAT('DDE', 200)), '2025-04-10 09:00:00'),
('2021033', UNHEX(REPEAT('EEF', 200)), '2025-04-10 09:00:00'),
('2021034', UNHEX(REPEAT('FF0', 200)), '2025-04-10 09:00:00'),
('2021035', UNHEX(REPEAT('001', 200)), '2025-04-10 09:00:00');